{
  "59.35660677,17.98691725": {
    "commute": 19,
    "walk": null
  },
  "59.33380106,17.93764407": {
    "commute": 28,
    "walk": null
  },
  "59.3570335,18.00453656": {
    "commute": 18,
    "walk": null
  },
  "59.36248614,17.94894222": {
    "commute": 29,
    "walk": null
  },
  "59.35883408,17.95815133": {
    "commute": 24,
    "walk": null
  },
  "59.362106,18.006487": {
    "commute": 13,
    "walk": null
  },
  "59.35314625,17.99566133": {
    "commute": 20,
    "walk": null
  },
  "59.34628435,17.97529804": {
    "commute": 25,
    "walk": null
  },
  "59.3805424,18.0313231": {
    "commute": 23,
    "walk": null
  },
  "59.32978328,17.92844887": {
    "commute": 49,
    "walk": null
  },
  "59.36774168,18.01702014": {
    "commute": 14,
    "walk": null
  },
  "59.3622245,18.0015631": {
    "commute": 12,
    "walk": null
  },
  "59.33465399,17.99050717": {
    "commute": 38,
    "walk": null
  },
  "59.38301761,18.00228472": {
    "commute": 14,
    "walk": null
  },
  "59.38334857,17.98047136": {
    "commute": 16,
    "walk": null
  },
  "59.30829783,18.01334972": {
    "commute": 44,
    "walk": null
  },
  "59.36350789,17.90060994": {
    "commute": 50,
    "walk": null
  },
  "59.34041453,17.9425233": {
    "commute": 22,
    "walk": null
  },
  "59.31501807,17.99920106": {
    "commute": 43,
    "walk": null
  },
  "59.35658623,17.99983932": {
    "commute": 15,
    "walk": null
  },
  "59.35527849,17.8893377": {
    "commute": 57,
    "walk": null
  },
  "59.3349996,17.9836378": {
    "commute": 34,
    "walk": null
  },
  "59.36824615,18.01639853": {
    "commute": 13,
    "walk": null
  },
  "59.34292997,17.93299056": {
    "commute": 41,
    "walk": null
  },
  "59.3549816,17.90087365": {
    "commute": 50,
    "walk": null
  },
  "59.36318115,17.90024712": {
    "commute": 49,
    "walk": null
  },
  "59.36223552,17.94847678": {
    "commute": 29,
    "walk": null
  },
  "59.36593121,17.94637423": {
    "commute": 41,
    "walk": null
  },
  "59.35392772,18.00483437": {
    "commute": 22,
    "walk": null
  },
  "59.33030839,17.94861762": {
    "commute": 36,
    "walk": null
  },
  "59.34430145,17.96430694": {
    "commute": 22,
    "walk": null
  },
  "59.34236,17.9486": {
    "commute": 23,
    "walk": null
  },
  "59.33690181,17.97603033": {
    "commute": 35,
    "walk": null
  },
  "59.3399942,17.9506859": {
    "commute": 24,
    "walk": null
  },
  "59.34912733,17.8835278": {
    "commute": 38,
    "walk": null
  },
  "59.36135502,17.94832945": {
    "commute": 28,
    "walk": null
  },
  "59.33883131,17.9462344": {
    "commute": 24,
    "walk": null
  },
  "59.34758295,17.87516708": {
    "commute": 41,
    "walk": null
  },
  "59.34842502,17.99665426": {
    "commute": 25,
    "walk": null
  },
  "59.3583976,18.0008": {
    "commute": 14,
    "walk": null
  },
  "59.33985988,17.93594275": {
    "commute": 25,
    "walk": null
  },
  "59.3836077,17.9819324": {
    "commute": 17,
    "walk": null
  },
  "59.37659866,18.00470233": {
    "commute": 20,
    "walk": null
  },
  "59.36142783,17.94714201": {
    "commute": 27,
    "walk": null
  },
  "59.35456,17.99921": {
    "commute": 20,
    "walk": null
  },
  "59.35822672,17.90098414": {
    "commute": 52,
    "walk": null
  },
  "59.34127576,17.93708871": {
    "commute": 40,
    "walk": null
  },
  "59.33754241,17.94981523": {
    "commute": 47,
    "walk": null
  },
  "59.35849963,18.00305355": {
    "commute": 15,
    "walk": null
  },
  "59.34293198,17.93425361": {
    "commute": 29,
    "walk": null
  },
  "59.33399319,17.94193665": {
    "commute": 28,
    "walk": null
  },
  "59.35600539,17.98702398": {
    "commute": 20,
    "walk": null
  },
  "59.35882866,18.00940639": {
    "commute": 16,
    "walk": null
  },
  "59.35901035,17.89564495": {
    "commute": 50,
    "walk": null
  },
  "59.34274623,17.96250208": {
    "commute": 22,
    "walk": null
  },
  "59.36161366,17.95454427": {
    "commute": 24,
    "walk": null
  },
  "59.38127446,18.00243442": {
    "commute": 12,
    "walk": null
  },
  "59.3214654,17.98434499": {
    "commute": 44,
    "walk": null
  },
  "59.33838795,17.94888547": {
    "commute": 26,
    "walk": null
  },
  "59.36255902,17.90170526": {
    "commute": 48,
    "walk": null
  },
  "59.35183366,18.00244183": {
    "commute": 21,
    "walk": null
  },
  "59.34689338,17.88916709": {
    "commute": 38,
    "walk": null
  },
  "59.36429265,17.99052371": {
    "commute": 19,
    "walk": null
  },
  "59.31521207,17.99442755": {
    "commute": 47,
    "walk": null
  },
  "59.35807638,17.9999247": {
    "commute": 14,
    "walk": null
  },
  "59.34520881,17.96307628": {
    "commute": 20,
    "walk": null
  },
  "59.32783815,18.01059475": {
    "commute": 40,
    "walk": null
  },
  "59.352642,17.979519": {
    "commute": 20,
    "walk": null
  },
  "59.33356984,17.95128907": {
    "commute": 36,
    "walk": null
  },
  "59.36400258,17.95331014": {
    "commute": 28,
    "walk": null
  },
  "59.36376701,17.98145103": {
    "commute": 15,
    "walk": null
  },
  "59.36182687,18.00886215": {
    "commute": 13,
    "walk": null
  },
  "59.38185581,17.98116534": {
    "commute": 17,
    "walk": null
  },
  "59.364525,18.016779": {
    "commute": 12,
    "walk": null
  },
  "59.35683627,18.10069461": {
    "commute": 40,
    "walk": null
  },
  "59.3623476,18.00752589": {
    "commute": 12,
    "walk": null
  },
  "59.30373198,18.02133718": {
    "commute": 32,
    "walk": null
  },
  "59.35847298,18.00370414": {
    "commute": 15,
    "walk": null
  },
  "59.36052182,17.9892652": {
    "commute": 17,
    "walk": null
  },
  "59.3496393,17.9919855": {
    "commute": 28,
    "walk": null
  },
  "59.36127582,17.95456688": {
    "commute": 24,
    "walk": null
  },
  "59.3571905,18.09867778": {
    "commute": 54,
    "walk": null
  },
  "59.38313196,18.00507914": {
    "commute": 16,
    "walk": null
  },
  "59.348644,17.987478": {
    "commute": 24,
    "walk": null
  },
  "59.34001689,17.93518692": {
    "commute": 26,
    "walk": null
  },
  "59.37068626,18.00005381": {
    "commute": 9,
    "walk": null
  },
  "59.36275372,18.00796503": {
    "commute": 12,
    "walk": null
  },
  "59.353325,17.995995": {
    "commute": 20,
    "walk": null
  },
  "59.35827336,17.99879912": {
    "commute": 13,
    "walk": null
  },
  "59.3498377,17.9932429": {
    "commute": 29,
    "walk": null
  },
  "59.35070472,17.98860955": {
    "commute": 26,
    "walk": null
  },
  "59.3521668,17.9785646": {
    "commute": 19,
    "walk": null
  },
  "59.350895,17.99635": {
    "commute": 22,
    "walk": null
  },
  "59.34604085,17.88002472": {
    "commute": 57,
    "walk": null
  },
  "59.38098923,17.99075452": {
    "commute": 19,
    "walk": null
  },
  "59.36138745,17.95441847": {
    "commute": 24,
    "walk": null
  },
  "59.36107894,17.9548074": {
    "commute": 23,
    "walk": null
  },
  "59.34349571,17.93339622": {
    "commute": 32,
    "walk": null
  },
  "59.37214617,18.05347342": {
    "commute": 43,
    "walk": null
  },
  "59.38178,18.001503": {
    "commute": 11,
    "walk": null
  },
  "59.36108138,18.01383799": {
    "commute": 16,
    "walk": null
  },
  "59.33984182,17.98056466": {
    "commute": 37,
    "walk": null
  },
  "59.36429011,17.97830034": {
    "commute": 17,
    "walk": null
  },
  "59.34982526,17.99189682": {
    "commute": 29,
    "walk": null
  },
  "59.3836302,17.980145": {
    "commute": 16,
    "walk": null
  },
  "59.3520596,18.00538563": {
    "commute": 21,
    "walk": null
  },
  "59.33975235,17.94205619": {
    "commute": 24,
    "walk": null
  },
  "59.381546,18.029593": {
    "commute": 22,
    "walk": null
  },
  "59.33983445,17.92811171": {
    "commute": 32,
    "walk": null
  },
  "59.3316778,17.95368796": {
    "commute": 38,
    "walk": null
  },
  "59.34751658,17.8754657": {
    "commute": 41,
    "walk": null
  },
  "59.380737,17.99114": {
    "commute": 18,
    "walk": null
  },